GETBUSID,TRADENAME,ADDRESS,COMDISTNM,LICENCETYPES,JOBSTATUSDESC,POINT
16172132,DEVILLE COFFEE,#292 10816 MACLEOD TR SE,WILLOW PARK,FOOD SERVICE - PREMISES (SEATING),Renewal Licensed,POINT (-114.0700887 50.9566912)
12776464,STARBUCKS COFFEE #3138,#178 100 ANDERSON RD SE,WILLOW PARK,"RETAIL DEALER - PREMISES,
FOOD SERVICE - PREMISES (SEATING)",Renewal Licensed,POINT (-114.0646174 50.9530437)
16107401,TIM HORTONS,347 SOUTHLAND DR SE,WILLOW PARK,"RETAIL DEALER - PREMISES,
FOOD SERVICE - PREMISES (SEATING)",Renewal Licensed,POINT (-114.0602143 50.9637189)
16009227,BOMBAY BEACH CAFE,#726 5075 FALCONRIDGE BV NE,WESTWINDS,FOOD SERVICE - PREMISES (SEATING),Renewal Licensed,POINT (-113.9629396 51.0970393)
13886759,TIM HORTONS,5105 FALCONRIDGE BV NE,WESTWINDS,"FOOD SERVICE - PREMISES (SEATING),
OUTDOOR PATIO",Renewal Licensed,POINT (-113.9593203 51.09805)
12584173,TIM HORTONS,#402 917 85 ST SW,WEST SPRINGS,FOOD SERVICE - PREMISES (SEATING),Renewal Licensed,POINT (-114.2120625 51.0594244)
16566887,FRESH HEALTHY CAFE,#315 8560 8A AV SW,WEST SPRINGS,FOOD SERVICE - PREMISES (SEATING),Renewal Licensed,POINT (-114.2103949 51.0623012)
16037046,DEVILLE COFFEE GATEWAY,8509 BROADCAST AV SW,WEST SPRINGS,"RETAIL DEALER - PREMISES,
FOOD SERVICE - PREMISES (SEATING)",Renewal Licensed,POINT (-114.2097359 51.0645519)
15927056,ECLIPSE BAKERY & CAFE,#210 8560 8A AV SW,WEST SPRINGS,FOOD SERVICE - PREMISES (SEATING),Licensed,POINT (-114.2105451 51.0618497)
12336269,DAIRY LANE CAFE (THE),319 19 ST NW,WEST HILLHURST,"ALCOHOL BEVERAGE SALES (RESTAURANT),
FOOD SERVICE - PREMISES (SEATING),
OUTDOOR PATIO",Renewal Licensed,POINT (-114.1059199 51.0550465)
15018369,AMATO GELATO CAFE,#7 2104 KENSINGTON RD NW,WEST HILLHURST,"ALCOHOL BEVERAGE SALES (RESTAURANT),
FOOD SERVICE - PREMISES (SEATING),
OUTDOOR PATIO",Renewal Licensed,POINT (-114.1084946 51.0528538)
15269814,SUNTERRA MARKET & CAFE,2536 KENSINGTON RD NW,WEST HILLHURST,"RETAIL DEALER - PREMISES,
ALCOHOL BEVERAGE SALES (RESTAURANT),
FOOD SERVICE - PREMISES (SEATING),
OUTDOOR PATIO",Renewal Licensed,POINT (-114.1196475 51.0526371)
14068928,FRESH BLENDS CAFE,#311 4625 VARSITY DR NW,VARSITY,FOOD SERVICE - PREMISES (SEATING),Renewal Licensed,POINT (-114.1543864 51.0919942)
12808671,EUPHORIA CAFE,#110 8 VARSITY ESTATES CI NW,VARSITY,FOOD SERVICE - PREMISES (SEATING),Renewal Licensed,POINT (-114.1641282 51.103291)
14330765,NESPRESSO,#P9 3625 SHAGANAPPI TR NW,VARSITY,"RETAIL DEALER - PREMISES,
FOOD SERVICE - PREMISES",Renewal Licensed,POINT (-114.1543293 51.0842879)
12310751,STARBUCKS COFFEE #4559,#P24 3625 SHAGANAPPI TR NW,VARSITY,"RETAIL DEALER - PREMISES,
FOOD SERVICE - PREMISES (SEATING)",Renewal Licensed,POINT (-114.1541302 51.0827706)
14389852,DEVILLE COFFEE MARKET MALL,#J13B 3625 SHAGANAPPI TR NW,VARSITY,"RETAIL DEALER - PREMISES,
FOOD SERVICE - PREMISES (SEATING)",Renewal Licensed,POINT (-114.1542745 51.084819)
16249641,TIM HORTONS #120024,#D2 3625 SHAGANAPPI TR NW,VARSITY,"RETAIL DEALER - PREMISES,
FOOD SERVICE - PREMISES (SEATING),
OUTDOOR PATIO",Renewal Licensed,POINT (-114.1570878 51.0852518)
16486441,ALENN SANDWICH AND COFFEE,#120 5403 CROWCHILD TR NW,VARSITY,"RETAIL DEALER - PREMISES,
FOOD SERVICE - PREMISES (SEATING),
OUTDOOR PATIO",Renewal Licensed,POINT (-114.1651201 51.1038898)
16679060,CINNZEO BAKERY CAFE,#R27 3625 SHAGANAPPI TR NW,VARSITY,"RETAIL DEALER - PREMISES,
FOOD SERVICE - PREMISES (SEATING)",Licensed,POINT (-114.1545001 51.0827189)
13736624,TIM HORTONS #1592,4953 BARLOW TR SE,VALLEYFIELD,"RETAIL DEALER - PREMISES,
FOOD SERVICE - PREMISES (SEATING)",Renewal Licensed,POINT (-114.0042766 51.0101984)
15669278,STARBUCKS YAMNUSKA,#50 3500 24 AV NW,UNIVERSITY OF CALGARY,FOOD SERVICE - PREMISES (SEATING),Renewal Licensed,POINT (-114.1369023 51.0748561)
16060212,SUBWAY RESTAURANT,#10 3500 24 AV NW,UNIVERSITY OF CALGARY,FOOD SERVICE - PREMISES (SEATING),Renewal Licensed,POINT (-114.1369023 51.0748561)
16064164,DOMINO'S PIZZA,#40 3500 24 AV NW,UNIVERSITY OF CALGARY,"RETAIL DEALER - PREMISES,
FOOD SERVICE - PREMISES (NO SEATING)",Renewal Licensed,POINT (-114.1369023 51.0748561)
15669062,STARBUCKS BOOKSTORE,2500 UNIVERSITY DR NW,UNIVERSITY HEIGHTS,FOOD SERVICE - PREMISES (SEATING),Renewal Licensed,POINT (-114.128642 51.0745912)
16058141,GOOD EARTH COFFEEHOUSE,410 UNIVERSITY CO NW,UNIVERSITY HEIGHTS,"RETAIL DEALER - PREMISES,
FOOD SERVICE - PREMISES (SEATING)",Renewal Licensed,POINT (-114.1304663 51.0769086)
16058810,GOOD EARTH COFFEE HOUSE,#131 856 CAMPUS PL NW,UNIVERSITY HEIGHTS,"RETAIL DEALER - PREMISES,
FOOD SERVICE - PREMISES (SEATING)",Renewal Licensed,POINT (-114.1303828 51.0802109)
12715876,BREW & BLENDZ,2500 UNIVERSITY DR NW,UNIVERSITY HEIGHTS,FOOD SERVICE - PREMISES (NO SEATING),Renewal Licensed,POINT (-114.128642 51.0745912)
901504,TIM HORTON DONUTS,1810 UXBRIDGE DR NW,UNIVERSITY HEIGHTS,"RETAIL DEALER - PREMISES,
FOOD SERVICE - PREMISES (SEATING)",Renewal Licensed,POINT (-114.1282726 51.0690606)
16619579,PACIFIC POKE UXBOROUGH,38 UXBOROUGH PL NW,UNIVERSITY HEIGHTS,FOOD SERVICE - PREMISES (SEATING),Licensed,POINT (-114.131072 51.0695497)
16078503,CINNZEO BAKERIES,527 CAMPUS PL NW,UNIVERSITY HEIGHTS,"RETAIL DEALER - PREMISES,
FOOD SERVICE - PREMISES (NO SEATING)",Renewal Licensed,POINT (-114.1269959 51.0791489)
16632226,GOODEARTH COFFEEHOUSE - KINESIOLOGY,121 UNIVERSITY CO NW,UNIVERSITY HEIGHTS,FOOD SERVICE - PREMISES (NO SEATING),Licensed,POINT (-114.1330046 51.077137)
16660581,KINTON RAMEN,20 UXBOROUGH PL NW,UNIVERSITY HEIGHTS,"ALCOHOL BEVERAGE SALES (RESTAURANT),
FOOD SERVICE - PREMISES (SEATING)",Licensed,POINT (-114.1311651 51.0699041)
15669062,STARBUCKS BOOKSTORE,2500 UNIVERSITY DR NW,UNIVERSITY HEIGHTS,FOOD SERVICE - PREMISES (SEATING),Renewal Licensed,POINT (-114.128642 51.0745912)
16600033,STATE AND MAIN,24 UXBOROUGH PL NW,UNIVERSITY HEIGHTS,"ALCOHOL BEVERAGE SALES (RESTAURANT),
FOOD SERVICE - PREMISES (SEATING),
OUTDOOR PATIO",Licensed,POINT (-114.1312464 51.069956)
15004948,SHELL / DELICAFEBYSHELL,1820 UXBRIDGE DR NW,UNIVERSITY HEIGHTS,"TOBACCO RETAILER,
RETAIL DEALER - PREMISES,
FUEL SALES/STORAGE,
FOOD SERVICE - PREMISES (SEATING),
VAPE RETAILER",Renewal Licensed,POINT (-114.1285379 51.0692686)
16370215,ARAMARK - U OF C MATHISON HALL,215 HASKAYNE PL NW,UNIVERSITY HEIGHTS,FOOD SERVICE - PREMISES (NO SEATING),Renewal Licensed,POINT (-114.1247843 51.0773736)
16058141,GOOD EARTH COFFEEHOUSE,410 UNIVERSITY CO NW,UNIVERSITY HEIGHTS,"RETAIL DEALER - PREMISES,
FOOD SERVICE - PREMISES (SEATING)",Renewal Licensed,POINT (-114.1304663 51.0769086)
16583759,GOODEARTH COFFEEHOUSE - EDUCATION TOWER,2750 UNIVERSITY WY NW,UNIVERSITY HEIGHTS,"RETAIL DEALER - PREMISES,
FOOD SERVICE - PREMISES (NO SEATING)",Renewal Invoiced,POINT (-114.1265673 51.0767236)
16602708,FIREHOUSE SUBS,16 UXBOROUGH PL NW,UNIVERSITY HEIGHTS,FOOD SERVICE - PREMISES (SEATING),Renewal Invoiced,POINT (-114.1312578 51.0699729)
16058810,GOOD EARTH COFFEE HOUSE,#131 856 CAMPUS PL NW,UNIVERSITY HEIGHTS,"RETAIL DEALER - PREMISES,
FOOD SERVICE - PREMISES (SEATING)",Renewal Licensed,POINT (-114.1303828 51.0802109)
16661647,CAFFE BEANO - UXB,42 UXBOROUGH PL NW,UNIVERSITY HEIGHTS,"FOOD SERVICE - PREMISES (SEATING),
OUTDOOR PATIO",Licensed,POINT (-114.1310548 51.0694796)
33738,DEN BOTTLE SHOP (THE)/BLACK LOUNGE,2500 UNIVERSITY DR NW,UNIVERSITY HEIGHTS,"ENTERTAINMENT ESTABLISHMENT,
ALCOHOL BEVERAGE SALES (RESTAURANT),
FOOD SERVICE - PREMISES (SEATING),
OUTDOOR PATIO",Renewal Licensed,POINT (-114.128642 51.0745912)
13002530,KOREAN BBQ HOUSE,#298A 402 COLLEGIATE BV NW,UNIVERSITY HEIGHTS,FOOD SERVICE - PREMISES (NO SEATING),Renewal Licensed,POINT (-114.1317287 51.0782159)
12482469,BAKE CHEF CO (THE),#299 402 COLLEGIATE BV NW,UNIVERSITY HEIGHTS,FOOD SERVICE - PREMISES (NO SEATING),Pending Renewal,POINT (-114.1317287 51.0782159)
13692991,A & W - U OF C,#250D 402 COLLEGIATE BV NW,UNIVERSITY HEIGHTS,FOOD SERVICE - PREMISES (NO SEATING),Renewal Licensed,POINT (-114.1317287 51.0782159)
13798509,JUGO JUICE,#135 424 COLLEGIATE BV NW,UNIVERSITY HEIGHTS,FOOD SERVICE - PREMISES (NO SEATING),Renewal Licensed,POINT (-114.1304191 51.0786092)
13494554,UMI SUSHI EXPRESS,#298B 402 COLLEGIATE BV NW,UNIVERSITY HEIGHTS,FOOD SERVICE - PREMISES (NO SEATING),Renewal Licensed,POINT (-114.1317287 51.0782159)
697623,GRADUATE STUDENTS ASSOCIATION (THE LAST DEFENCE),#350 402 COLLEGIATE BV NW,UNIVERSITY HEIGHTS,"ENTERTAINMENT ESTABLISHMENT,
CHARITABLE ORGANIZATION,
ALCOHOL BEVERAGE SALES (DRINKING EST/RESTAURANT),
FOOD SERVICE - PREMISES (SEATING),
OUTDOOR PATIO",Renewal Licensed,POINT (-114.1317287 51.0782159)
12398772,NOODLE AND GRILL EXPRESS,#250C 402 COLLEGIATE BV NW,UNIVERSITY HEIGHTS,FOOD SERVICE - PREMISES (NO SEATING),Renewal Licensed,POINT (-114.1317287 51.0782159)
14335293,CARL'S JR,#298C 402 COLLEGIATE BV NW,UNIVERSITY HEIGHTS,FOOD SERVICE - PREMISES (NO SEATING),Renewal Licensed,POINT (-114.1317287 51.0782159)
16697039,JUST CHICKEN,#298D 402 COLLEGIATE BV NW,UNIVERSITY HEIGHTS,FOOD SERVICE - PREMISES (NO SEATING),Licensed,POINT (-114.1317287 51.0782159)
16229080,U OF C OPA OF GREECE,#115A 424 COLLEGIATE BV NW,UNIVERSITY HEIGHTS,FOOD SERVICE - PREMISES (SEATING),Renewal Licensed,POINT (-114.1304191 51.0786092)
14007397,ARAMARK CANADA (UNIVERSITY OF CALGARY),#110 2500 UNIVERSITY DR NW,UNIVERSITY HEIGHTS,FOOD SERVICE - PREMISES (SEATING),Renewal Licensed,POINT (-114.128642 51.0745912)
13945472,FRESHCO POKE,#297 402 COLLEGIATE BV NW,UNIVERSITY HEIGHTS,FOOD SERVICE - PREMISES (NO SEATING),Pending Renewal,POINT (-114.1317287 51.0782159)
14355309,KOBE BEEF,#250H 402 COLLEGIATE BV NW,UNIVERSITY HEIGHTS,FOOD SERVICE - PREMISES (SEATING),Renewal Licensed,POINT (-114.1317287 51.0782159)
16200933,SUBWAY RESTAURANT,#115 424 COLLEGIATE BV NW,UNIVERSITY HEIGHTS,FOOD SERVICE - PREMISES (SEATING),Renewal Licensed,POINT (-114.1304191 51.0786092)
16690851,DAIRY QUEEN/ ORANGE JULIUS,#290A 402 COLLEGIATE BV NW,UNIVERSITY HEIGHTS,FOOD SERVICE - PREMISES (NO SEATING),Licensed,POINT (-114.1317287 51.0782159)
16485179,CANADIAN PIZZA EXPRESS,#250G 402 COLLEGIATE BV NW,UNIVERSITY HEIGHTS,FOOD SERVICE - PREMISES (NO SEATING),Renewal Licensed,POINT (-114.1317287 51.0782159)
16189433,MR PRETZELS,#200A 2500 UNIVERSITY DR NW,UNIVERSITY HEIGHTS,FOOD SERVICE - PREMISES,Renewal Licensed,POINT (-114.128642 51.0745912)
330936,COFFEE COMPANY (THE),#296 402 COLLEGIATE BV NW,UNIVERSITY HEIGHTS,FOOD SERVICE - PREMISES (NO SEATING),Renewal Licensed,POINT (-114.1317287 51.0782159)
16536823,UNA PIZZA UNIVERSITY DISTRICT,4034 UNIVERSITY AV NW,UNIVERSITY DISTRICT,"RETAIL DEALER - PREMISES,
ALCOHOL BEVERAGE SALES (RESTAURANT),
FOOD SERVICE - PREMISES (SEATING),
OUTDOOR PATIO",Renewal Licensed,POINT (-114.1457678 51.0785206)
16230385,MCDONALDS,3933 UNIVERSITY AV NW,UNIVERSITY DISTRICT,"FOOD SERVICE - PREMISES (SEATING),
OUTDOOR PATIO",Renewal Licensed,POINT (-114.1439121 51.0782032)
16071185,OSMOWS SHAWARMA,4129 UNIVERSITY AV NW,UNIVERSITY DISTRICT,FOOD SERVICE - PREMISES (SEATING),Renewal Licensed,POINT (-114.1465131 51.0777794)
16110660,VILLAGE ICE CREAM,4019 UNIVERSITY AV NW,UNIVERSITY DISTRICT,"RETAIL DEALER - PREMISES,
FOOD SERVICE - PREMISES (SEATING)",Renewal Licensed,POINT (-114.1451066 51.0781371)
16040388,MONOGRAM COFFEE,4153 UNIVERSITY AV NW,UNIVERSITY DISTRICT,"RETAIL DEALER - PREMISES,
FOOD SERVICE - PREMISES (SEATING),
OUTDOOR PATIO",Pending Renewal,POINT (-114.1471377 51.0775617)
16559809,NATIVE TONGUES UNIVERSITY DISTRICT,4014 UNIVERSITY AV NW,UNIVERSITY DISTRICT,"ALCOHOL BEVERAGE SALES (RESTAURANT),
FOOD SERVICE - PREMISES (SEATING),
OUTDOOR PATIO",Renewal Licensed,POINT (-114.1452431 51.0785904)
16160772,ALLEY (THE),3941 UNIVERSITY AV NW,UNIVERSITY DISTRICT,FOOD SERVICE - PREMISES (SEATING),Pending Renewal,POINT (-114.1441296 51.078202)
16000176,FIVE GUYS BURGERS AND FRIES,4112 UNIVERSITY AV NW,UNIVERSITY DISTRICT,"FOOD SERVICE - PREMISES (SEATING),
OUTDOOR PATIO",Renewal Licensed,POINT (-114.1464907 51.0783103)
15929375,SAVE ON FOODS,4163 UNIVERSITY AV NW,UNIVERSITY DISTRICT,"RETAIL DEALER - PREMISES,
FOOD SERVICE - PREMISES (SEATING)",Renewal Licensed,POINT (-114.1470888 51.0773857)
16623761,HEAL WELLNESS,3942 UNIVERSITY AV NW,UNIVERSITY DISTRICT,FOOD SERVICE - PREMISES (SEATING),Licensed,POINT (-114.1441566 51.0785938)
16443632,CHARCUT,4150 UNIVERSITY AV NW,UNIVERSITY DISTRICT,"ALCOHOL BEVERAGE SALES (RESTAURANT),
FOOD SERVICE - PREMISES (SEATING),
OUTDOOR PATIO",Renewal Licensed,POINT (-114.1474755 51.0779277)
16540049,PHO PHAM UNIVERSITY DISTRICT,3908 UNIVERSITY AV NW,UNIVERSITY DISTRICT,FOOD SERVICE - PREMISES (SEATING),Renewal Licensed,POINT (-114.143214 51.0786131)
16030215,BARBURRITO,4125 UNIVERSITY AV NW,UNIVERSITY DISTRICT,"ALCOHOL BEVERAGE SALES (RESTAURANT),
FOOD SERVICE - PREMISES (SEATING)",Renewal Licensed,POINT (-114.1464301 51.0778061)
16094385,BANQUET (THE),3957 UNIVERSITY AV NW,UNIVERSITY DISTRICT,"AMUSEMENT ARCADE,
TOBACCO RETAILER,
ALCOHOL BEVERAGE SALES (RESTAURANT),
FOOD SERVICE - PREMISES (SEATING),
OUTDOOR PATIO",Renewal Invoiced,POINT (-114.1444597 51.0780009)
16168171,FUWAFUWA,3945 UNIVERSITY AV NW,UNIVERSITY DISTRICT,"RETAIL DEALER - PREMISES,
FOOD SERVICE - PREMISES (SEATING),
OUTDOOR PATIO",Renewal Licensed,POINT (-114.1442504 51.0782019)
16460206,SEED N SALT,4022 UNIVERSITY AV NW,UNIVERSITY DISTRICT,"FOOD SERVICE - PREMISES (SEATING),
OUTDOOR PATIO",Renewal Licensed,POINT (-114.1454674 51.0785697)
16098113,OEB BREAKFAST CO,4132 UNIVERSITY AV NW,UNIVERSITY DISTRICT,"RETAIL DEALER - PREMISES,
ALCOHOL BEVERAGE SALES (RESTAURANT),
FOOD SERVICE - PREMISES (SEATING),
OUTDOOR PATIO",Renewal Licensed,POINT (-114.1470304 51.0781063)
16160459,BOROUGH BAR - GRILL,4011 UNIVERSITY AV NW,UNIVERSITY DISTRICT,"RETAIL DEALER - PREMISES,
ALCOHOL BEVERAGE SALES (RESTAURANT),
FOOD SERVICE - PREMISES (SEATING),
OUTDOOR PATIO",Renewal Licensed,POINT (-114.1450607 51.0779602)
15983372,SESAME,4122 UNIVERSITY AV NW,UNIVERSITY DISTRICT,FOOD SERVICE - PREMISES (SEATING),Renewal Licensed,POINT (-114.1467611 51.0782001)
16094377,THE CANADIAN BREWHOUSE,#220 3953 UNIVERSITY AV NW,UNIVERSITY DISTRICT,"TOBACCO RETAILER,
ALCOHOL BEVERAGE SALES (RESTAURANT),
FOOD SERVICE - PREMISES (SEATING),
OUTDOOR PATIO",Renewal Licensed,POINT (-114.14432 51.0780499)
16084790,CINEPLEX CINEMAS UNIVERSITY DISTRICT VIP,#250 3953 UNIVERSITY AV NW,UNIVERSITY DISTRICT,"CINEMA,
RETAIL DEALER - PREMISES,
ALCOHOL BEVERAGE SALES (DRINKING EST/RESTAURANT),
FOOD SERVICE - PREMISES,
OUTDOOR PATIO",Renewal Licensed,POINT (-114.1439494 51.0781221)
14488753,ROSSO COFFEE ROASTERS,2102 CENTRE ST NE,TUXEDO PARK,"RETAIL DEALER - PREMISES,
FOOD SERVICE - PREMISES (SEATING)",Renewal Licensed,POINT (-114.0622341 51.0707677)
16676132,CORNER STREET CAFE,#1 2400 CENTRE ST NE,TUXEDO PARK,"ALCOHOL BEVERAGE SALES (RESTAURANT),
FOOD SERVICE - PREMISES (SEATING)",Licensed,POINT (-114.0619611 51.0734538)
12300802,STARBUCKS COFFEE #4549,#4020 11300 TUSCANY BV NW,TUSCANY,"RETAIL DEALER - PREMISES,
FOOD SERVICE - PREMISES (SEATING)",Renewal Licensed,POINT (-114.2469874 51.1242369)
13896089,TIM HORTONS,#115 5029 NOSE HILL DR NW,TUSCANY,"RETAIL DEALER - PREMISES,
FOOD SERVICE - PREMISES (SEATING)",Renewal Licensed,POINT (-114.2401096 51.1074342)
13585542,TIM HORTONS,#400 7171 80 AV NE,TARADALE,"RETAIL DEALER - PREMISES,
FOOD SERVICE - PREMISES (SEATING)",Renewal Licensed,POINT (-113.9322691 51.124855)
12825881,TIM HORTONS STORE 3548,3580 20 AV NE,SUNRIDGE,FOOD SERVICE - PREMISES (SEATING),Renewal Licensed,POINT (-113.9843607 51.0718961)
16233769,XIN CHAO COFFEE,#3110 2255 32 ST NE,SUNRIDGE,FOOD SERVICE - PREMISES (SEATING),Renewal Licensed,POINT (-113.9890502 51.0722464)
12682274,PITA BASKET CAFE,#140 3221 SUNRIDGE WY NE,SUNRIDGE,FOOD SERVICE - PREMISES (SEATING),Renewal Licensed,POINT (-113.9925183 51.0687165)
16564056,GOOD EARTH COFFEEHOUSE,#160 2525 36 ST NE,SUNRIDGE,"RETAIL DEALER - PREMISES,
FOOD SERVICE - PREMISES",Renewal Licensed,POINT (-113.9846358 51.0739168)
13649322,WAVES COFFEE HOUSE,2685 36 ST NE,SUNRIDGE,"RETAIL DEALER - PREMISES,
FOOD SERVICE - PREMISES (SEATING)",Renewal Licensed,POINT (-113.9830511 51.0774526)
12696415,STARBUCKS COFFEE #4930,#553 3545 32 AV NE,SUNRIDGE,"RETAIL DEALER - PREMISES,
FOOD SERVICE - PREMISES (SEATING),
OUTDOOR PATIO",Renewal Licensed,POINT (-113.9842422 51.081018)
14850457,STARBUCKS COFFEE #53315,3585 20 AV NE,SUNRIDGE,"RETAIL DEALER - PREMISES,
FOOD SERVICE - PREMISES (SEATING),
OUTDOOR PATIO",Renewal Licensed,POINT (-113.9825673 51.070657)
16291411,PLC - MARKET CAFE / TIM HORTONS #63005,3500 26 AV NE,SUNRIDGE,FOOD SERVICE - PREMISES,Licensed,POINT (-113.983818 51.0790334)
16451619,NIGHT SHIFT COFFEE ROASTERS,#6 338 10 ST NW,SUNNYSIDE,"RETAIL DEALER - PREMISES,
FOOD SERVICE - PREMISES",Renewal Licensed,POINT (-114.0856456 51.0554696)
15940497,AGGUDO COFFEE,#6 338 10 ST NW,SUNNYSIDE,"RETAIL DEALER - PREMISES,
FOOD SERVICE - PREMISES (SEATING),
OUTDOOR PATIO",Renewal Licensed,POINT (-114.0856456 51.0554696)
16357568,CHAI SHAI CAFE,#1121 3730 108 AV NE,STONEY 3,FOOD SERVICE - PREMISES (SEATING),Renewal Licensed,POINT (-113.9806168 51.1513374)
16644924,BOMBAY ZAIKA PAAN & CAFE,#480 10980 38 ST NE,STONEY 3,FOOD SERVICE - PREMISES (SEATING),Licensed,POINT (-113.9766089 51.1514657)
12678488,PLANET COFFEE,#24 56 FREEPORT CR NE,STONEY 2,DISTRIBUTION MANAGER,Renewal Licensed,POINT (-114.0274498 51.1427238)
14033252,TIM HORTONS,10125 19 ST NE,STONEY 2,"RETAIL DEALER - PREMISES,
FOOD SERVICE - PREMISES (SEATING)",Renewal Licensed,POINT (-114.0140185 51.1437172)
13974928,STARBUCKS COFFEE #26267,#235 11135 14 ST NE,STONEY 1,"RETAIL DEALER - PREMISES,
FOOD SERVICE - PREMISES (SEATING)",Renewal Licensed,POINT (-114.0298952 51.153187)
67249,GUS'S CAFE & PIZZERIA,#180 1620 29 ST NW,ST. ANDREWS HEIGHTS,"ALCOHOL BEVERAGE SALES (RESTAURANT),
FOOD SERVICE - PREMISES (SEATING),
OUTDOOR PATIO",Renewal Licensed,POINT (-114.1284473 51.0675495)
16565137,GOOD EARTH COFFEEHOUSE,3310 HOSPITAL DR NW,ST. ANDREWS HEIGHTS,FOOD SERVICE - PREMISES (SEATING),Renewal Licensed,POINT (-114.1341738 51.0666921)
16069833,RUNDLE COLLEGE HIGHSCHOOL CAFETERIA,7379 17 AV SW,SPRINGBANK HILL,FOOD SERVICE - PREMISES (SEATING),Renewal Licensed,POINT (-114.193928 51.0363575)
13843669,GREEN ISLAND COFFEE SHOP,#2A 10333 SOUTHPORT RD SW,SOUTHWOOD,FOOD SERVICE - PREMISES (SEATING),Renewal Licensed,POINT (-114.0731186 50.9630213)
15971005,TIM HORTONS,#190 400 BARLOW SQ SE,SOUTH FOOTHILLS,FOOD SERVICE - PREMISES (SEATING),Renewal Licensed,POINT (-113.9811569 50.9740237)
15960164,SAMMIE CAFE,#113 2205 33 AV SW,SOUTH CALGARY,"ALCOHOL BEVERAGE SALES (RESTAURANT),
FOOD SERVICE - PREMISES (SEATING),
OUTDOOR PATIO",Renewal Licensed,POINT (-114.1122262 51.0237927)
15022361,WOW BAKERY CAFE,2002 34 AV SW,SOUTH CALGARY,FOOD SERVICE - PREMISES (SEATING),Renewal Licensed,POINT (-114.1071918 51.0233553)
14321335,DISTILLED BEAUTY BAR & CAFE,2408 34 AV SW,SOUTH CALGARY,"PERSONAL SERVICE,
RETAIL DEALER - PREMISES,
ALCOHOL BEVERAGE SALES (RESTAURANT),
FOOD SERVICE - PREMISES (SEATING),
OUTDOOR PATIO",Renewal Licensed,POINT (-114.1148016 51.0233389)
12858692,PHIL & SEBASTIAN COFFEE COMPANY,2043 33 AV SW,SOUTH CALGARY,"RETAIL DEALER - PREMISES,
ALCOHOL BEVERAGE SALES (RESTAURANT),
FOOD SERVICE - PREMISES (SEATING),
OUTDOOR PATIO",Renewal Licensed,POINT (-114.108645 51.0238452)
16530255,FRESH HEALTHY CAFE,#15 2008 33 AV SW,SOUTH CALGARY,"RETAIL DEALER - PREMISES,
FOOD SERVICE - PREMISES (SEATING)",Renewal Licensed,POINT (-114.1075868 51.0241753)
15098171,DEERFOOT CAFE,#100 1212 31 AV NE,SOUTH AIRWAYS,"ALCOHOL BEVERAGE SALES (RESTAURANT),
FOOD SERVICE - PREMISES (SEATING)",Renewal Licensed,POINT (-114.0311312 51.080936)
14598429,KINGDOM COFFEE,75 SKYLINE CR NE,SKYLINE WEST,FOOD SERVICE - PREMISES,Renewal Licensed,POINT (-114.0448921 51.0972116)
12935532,CAFE LE MATIN,#1A 5720 SILVER SPRINGS BV NW,SILVER SPRINGS,FOOD SERVICE - PREMISES (SEATING),Renewal Licensed,POINT (-114.1882656 51.1046253)
13785415,TIM HORTONS #1757,5927 SIGNAL HILL CE SW,SIGNAL HILL,"RETAIL DEALER - PREMISES,
FOOD SERVICE - PREMISES (SEATING)",Renewal Licensed,POINT (-114.1736398 51.0169499)
14267314,STARBUCKS WEST MARKET #75003,#124 1851 SIROCCO DR SW,SIGNAL HILL,"RETAIL DEALER - PREMISES,
FOOD SERVICE - PREMISES (SEATING),
OUTDOOR PATIO",Renewal Licensed,POINT (-114.168879 51.037593)
12570081,STARBUCKS COFFEE #4751,11646 SARCEE TR NW,SHERWOOD,"RETAIL DEALER - PREMISES,
FOOD SERVICE - PREMISES (SEATING)",Renewal Licensed,POINT (-114.160395 51.1568011)
16684003,QAMARIA YEMENI COFFEE - BEACON HILL,#330 12024 SARCEE TR NW,SHERWOOD,FOOD SERVICE - PREMISES (SEATING),Licensed,POINT (-114.1620958 51.1617219)
12480372,TRAGICALLY VITAL THE FRESH COFFEE COMPANY,#38 11410 27 ST SE,SHEPARD INDUSTRIAL,FOOD SERVICE - PREMISES,Renewal Licensed,POINT (-113.9943949 50.9531229)
721274,STARBUCKS COFFEE #4308,#202 11566 24 ST SE,SHEPARD INDUSTRIAL,"RETAIL DEALER - PREMISES,
FOOD SERVICE - PREMISES (SEATING)",Renewal Licensed,POINT (-114.0015791 50.951152)
12264263,TIM HORTONS,#400 11488 24 ST SE,SHEPARD INDUSTRIAL,"RETAIL DEALER - PREMISES,
FOOD SERVICE - PREMISES (SEATING)",Renewal Licensed,POINT (-113.9998723 50.9545539)
16093320,COFFEE ADDICTS,#8034 11500 35 ST SE,SHEPARD INDUSTRIAL,"RETAIL DEALER - PREMISES,
WHOLESALER",Renewal Licensed,POINT (-113.9843357 50.9480373)
16684318,THE QUARRY CAFE,11400 27 ST SE,SHEPARD INDUSTRIAL,FOOD SERVICE - PREMISES (SEATING),Licensed,POINT (-113.995612 50.9540603)
16447013,FLAT WHITE COFFEEHOUSE (THE),#407 333 SHAWVILLE BV SE,SHAWNESSY,FOOD SERVICE - PREMISES (SEATING),Renewal Licensed,POINT (-114.0641653 50.898078)
14952691,TIM HORTONS SHAWNESSY,#400 303 SHAWVILLE BV SE,SHAWNESSY,FOOD SERVICE - PREMISES (SEATING),Renewal Licensed,POINT (-114.0655633 50.8992439)
15555048,GOOD EARTH COFFEE HOUSE #73,4995 MARKET ST SE,SETON,FOOD SERVICE - PREMISES (SEATING),Renewal Licensed,POINT (-113.9447901 50.8795716)
15008535,TIM HORTONS,#510 19587 SETON CR SE,SETON,"RETAIL DEALER - PREMISES,
FOOD SERVICE - PREMISES (SEATING)",Renewal Licensed,POINT (-113.9597849 50.8792846)
15982291,TIM HORTONS,#110 15 SAGE HILL PZ NW,SAGE HILL,FOOD SERVICE - PREMISES (SEATING),Renewal Licensed,POINT (-114.1515317 51.1690798)
15982507,TIM HORTONS,#102 255 SAGE VALLEY CM NW,SAGE HILL,"RETAIL DEALER - PREMISES,
FOOD SERVICE - PREMISES (SEATING)",Renewal Licensed,POINT (-114.160382 51.1819099)
16694424,DAMAS CAFE,#830 3950 SAGE HILL DR NW,SAGE HILL,FOOD SERVICE - PREMISES (SEATING),Licensed,POINT (-114.1395003 51.1747317)
16642969,STARBUCKS COFFEE #81872,#3013 230 SAGE HILL BV NW,SAGE HILL,"RETAIL DEALER - PREMISES,
FOOD SERVICE - PREMISES (SEATING),
OUTDOOR PATIO",Licensed,POINT (-114.1459573 51.1715849)
16676157,SHAMBHUS COFFEE BAR,#3120 6520 36 ST NE,SADDLE RIDGE INDUSTRIAL,FOOD SERVICE - PREMISES (SEATING),Licensed,POINT (-113.9810525 51.1112829)
16179798,MADE BY AKB BAKESHOP & CAFE,#3180 5850 88 AV NE,SADDLE RIDGE,"RETAIL DEALER - PREMISES,
FOOD SERVICE - PREMISES (SEATING)",Renewal Licensed,POINT (-113.9512834 51.1335493)
16645194,CAFE KARAK,63 SAVANNA BV NE,SADDLE RIDGE,FOOD SERVICE - PREMISES (SEATING),Licensed,POINT (-113.9645845 51.134837)
16709784,EXPLODE THE DESSERT CAFE,#1105 4715 88 AV NE,SADDLE RIDGE,FOOD SERVICE - PREMISES (SEATING),Licensed,POINT (-113.9654525 51.1321159)
12601225,STARBUCKS COFFEE #4781,3707 45 AV SW,RUTLAND PARK,"FOOD SERVICE - PREMISES (SEATING),
OUTDOOR PATIO",Renewal Licensed,POINT (-114.1406835 51.0142782)
16358103,SHIJO CAFE,#3115 2 ROYAL VISTA LI NW,ROYAL VISTA,"ALCOHOL BEVERAGE SALES (RESTAURANT),
FOOD SERVICE - PREMISES (SEATING)",Renewal Licensed,POINT (-114.2031883 51.1534078)
15982283,TIM HORTONS,#8116 8650 112 AV NW,ROYAL VISTA,"FOOD SERVICE - PREMISES (SEATING),
OUTDOOR PATIO",Renewal Licensed,POINT (-114.2117081 51.1515945)
13447743,STARBUCKS COFFEE #17004,8750 COUNTRY HILLS BV NW,ROYAL VISTA,"RETAIL DEALER - PREMISES,
FOOD SERVICE - PREMISES (SEATING)",Renewal Licensed,POINT (-114.2114755 51.1493532)
16690646,NOMAD CAFE,#1134 12 ROYAL VISTA WY NW,ROYAL VISTA,FOOD SERVICE - PREMISES (SEATING),Licensed,POINT (-114.2069019 51.1529006)
16693749,DOBRE' CAFE',1421 33 ST SW,ROSSCARROCK,FOOD SERVICE - PREMISES (SEATING),Licensed,POINT (-114.135837 51.0404181)
12377818,GARDEN CAFE (THE),450 ROCKY VISTA GD NW,ROCKY RIDGE,"RETAIL DEALER - PREMISES,
FOOD SERVICE - PREMISES (SEATING)",Renewal Licensed,POINT (-114.2416035 51.1394268)
16650038,TIM HORTONS,#500 8338 18 ST SE,RIVERBEND,"RETAIL DEALER - PREMISES,
FOOD SERVICE - PREMISES (SEATING)",Licensed,POINT (-114.0151023 50.977439)
16304503,SODEXO AT RRDTC POINT OF VIEW CAFE,1820 RICHMOND RD SW,RICHMOND,FOOD SERVICE - PREMISES (SEATING),Renewal Licensed,POINT (-114.1098104 51.036708)
16027989,CALGARY CLIMBING CENTRE APPROACH CAFE,10721 WEST VALLEY RD SW,RESIDUAL WARD 1 - CALGARY WEST,"RETAIL DEALER - PREMISES,
ALCOHOL BEVERAGE SALES (RESTAURANT),
FOOD SERVICE - PREMISES (SEATING),
OUTDOOR PATIO",Renewal Licensed,POINT (-114.2424724 51.0875406)
16134728,THE STOOP CAFE,1027 RUSSET RD NE,RENFREW,"ALCOHOL BEVERAGE SALES (RESTAURANT),
FOOD SERVICE - PREMISES (SEATING),
OUTDOOR PATIO",Renewal Licensed,POINT (-114.0419413 51.0615002)
12603767,BUBBLEMANIA CAFE,455 16 AV NE,RENFREW,FOOD SERVICE - PREMISES (SEATING),Renewal Licensed,POINT (-114.0538745 51.0665507)
14840854,NAMO CAFE BISTRO,824 EDMONTON TR NE,RENFREW,"RETAIL DEALER - PREMISES,
ALCOHOL BEVERAGE SALES (RESTAURANT),
FOOD SERVICE - PREMISES (SEATING),
OUTDOOR PATIO",Renewal Licensed,POINT (-114.0539139 51.0592772)
319590,KAREN'S CAFE & CATERING,1607 90 AV SW,PUMP HILL,FOOD SERVICE - PREMISES (SEATING),Renewal Licensed,POINT (-114.0991367 50.9715411)
12427381,TIM HORTONS,2520 52 ST NE,PINERIDGE,FOOD SERVICE - PREMISES (SEATING),Renewal Licensed,POINT (-113.9581371 51.0746455)
13978630,TIM HORTONS #300,2021 PEGASUS RD NE,PEGASUS,"RETAIL DEALER - PREMISES,
FOOD SERVICE - PREMISES (SEATING)",Renewal Licensed,POINT (-114.0106982 51.0937696)
16502676,BRIAN'S CAFE,2381 74 AV SE,OGDEN,"CHARITABLE ORGANIZATION,
RETAIL DEALER - PREMISES,
FOOD SERVICE - PREMISES (SEATING),
OUTDOOR PATIO",Renewal Licensed,POINT (-114.0035066 50.9867582)
13865316,MOZY CAFE,#107 6622 20A ST SE,OGDEN,FOOD SERVICE - PREMISES (SEATING),Renewal Licensed,POINT (-114.0096878 50.9936266)
16636532,DSPOT DESSERT CAFE,#205 2515 90 AV SW,OAKRIDGE,FOOD SERVICE - PREMISES (SEATING),Licensed,POINT (-114.1191083 50.9718184)
16408239,HAVEN CAFE,1107 48 AV NW,NORTH HAVEN,"RETAIL DEALER - PREMISES,
ALCOHOL BEVERAGE SALES (RESTAURANT),
FOOD SERVICE - PREMISES (SEATING),
OUTDOOR PATIO",Renewal Licensed,POINT (-114.0871379 51.0984175)
16090755,TIM HORTONS 8181,2443 54 AV SW,NORTH GLENMORE PARK,"RETAIL DEALER - PREMISES,
FOOD SERVICE - PREMISES (SEATING)",Renewal Licensed,POINT (-114.1174246 51.0048117)
16478091,LAVA CAFE,2480 37 AV NE,NORTH AIRWAYS,"FOOD SERVICE - PREMISES (SEATING),
OUTDOOR PATIO",Renewal Licensed,POINT (-114.0026101 51.0874001)
16189078,DAY DREAM COFFEE,536 16 AV NW,MOUNT PLEASANT,FOOD SERVICE - PREMISES (SEATING),Renewal Licensed,POINT (-114.0733416 51.0670939)
14964332,TIM HORTONS #228,#A 924 16 AV NW,MOUNT PLEASANT,"RETAIL DEALER - PREMISES,
FOOD SERVICE - PREMISES (SEATING)",Renewal Licensed,POINT (-114.0828759 51.0671607)
16724056,VELVORA CAFE,#101 502 25 AV NW,MOUNT PLEASANT,"FOOD SERVICE - PREMISES (SEATING),
OUTDOOR PATIO",Licensed,POINT (-114.0719317 51.0755243)
15852718,ELEMENT CAFE,331 17 AV SW,MISSION,"RETAIL DEALER - PREMISES,
ALCOHOL BEVERAGE SALES (RESTAURANT),
FOOD SERVICE - PREMISES (SEATING),
OUTDOOR PATIO",Renewal Licensed,POINT (-114.0703424 51.0376569)
12440640,STARBUCKS COFFEE #4619,#7115 150 MILLRISE BV SW,MILLRISE,"RETAIL DEALER - PREMISES,
FOOD SERVICE - PREMISES (SEATING)",Renewal Licensed,POINT (-114.0732519 50.9142425)
15150618,SUSHI CRAVE JAPANESE CAFE,#336 22 MIDLAKE BV SE,MIDNAPORE,"ALCOHOL BEVERAGE SALES (RESTAURANT),
FOOD SERVICE - PREMISES (SEATING),
OUTDOOR PATIO",Renewal Licensed,POINT (-114.0651211 50.9148957)
16229783,STANTEC CAFE,#200 325 25 ST SE,MERIDIAN,FOOD SERVICE - PREMISES (SEATING),Renewal Licensed,POINT (-114.0007243 51.0491012)
799353,REGAL AUCTIONS CAFETERIA,2600 7 AV NE,MERIDIAN,FOOD SERVICE - PREMISES (SEATING),Renewal Licensed,POINT (-113.99818 51.0588545)
16657678,SISIG EH CAFE,#6A 416 MERIDIAN RD SE,MERIDIAN,FOOD SERVICE - PREMISES (SEATING),Licensed,POINT (-114.0006101 51.0502634)
16704108,SPARTAN CAFE,305 27 ST SE,MERIDIAN,FOOD SERVICE - PREMISES (SEATING),Licensed,POINT (-113.9961443 51.048546)
14698393,NESPRESSO,#127 6455 MACLEOD TR SW,MEADOWLARK PARK,"RETAIL DEALER - PREMISES,
FOOD SERVICE - PREMISES",Renewal Licensed,POINT (-114.0735231 50.9986919)
14888457,STARBUCKS COFFEE #54359,#30F 6455 MACLEOD TR SW,MEADOWLARK PARK,"RETAIL DEALER - PREMISES,
FOOD SERVICE - PREMISES (SEATING)",Renewal Licensed,POINT (-114.0736844 50.9980242)
16225997,GOOD EARTH CAFE,#1L 6455 MACLEOD TR SW,MEADOWLARK PARK,"RETAIL DEALER - PREMISES,
FOOD SERVICE - PREMISES (SEATING)",Renewal Licensed,POINT (-114.0737475 50.9959569)
13049648,PHIL & SEBASTIAN COFFEE COMPANY,#1149 6455 MACLEOD TR SW,MEADOWLARK PARK,"RETAIL DEALER - PREMISES,
FOOD SERVICE - PREMISES (SEATING)",Renewal Licensed,POINT (-114.0732691 51.0003587)
14401467,TIM HORTONS,#7 28 MCKENZIE TOWNE AV SE,MCKENZIE TOWNE,"RETAIL DEALER - PREMISES,
FOOD SERVICE - PREMISES",Renewal Licensed,POINT (-113.9587156 50.9168844)
15968878,TIM HORTONS,#5 4307 130 AV SE,MCKENZIE TOWNE,"RETAIL DEALER - PREMISES,
FOOD SERVICE - PREMISES (SEATING)",Renewal Licensed,POINT (-113.9720503 50.9311491)
16371270,HOMEY FOOD & CAFE,#19 1410 40 AV NE,MCCALL,"RETAIL DEALER - PREMISES,
ALCOHOL BEVERAGE SALES (RESTAURANT),
FOOD SERVICE - PREMISES (SEATING)",Renewal Licensed,POINT (-114.0297561 51.0890767)
12512059,TIM HORTONS,#550 1440 52 ST NE,MARLBOROUGH PARK,FOOD SERVICE - PREMISES (SEATING),Renewal Licensed,POINT (-113.9577477 51.0638064)
16092769,D SPOT DESSERT CAFE,#123 920 36 ST NE,MARLBOROUGH,FOOD SERVICE - PREMISES (SEATING),Renewal Licensed,POINT (-113.9806707 51.0610135)
12830030,TIM HORTONS,#1223 3800 MEMORIAL DR NE,MARLBOROUGH,"RETAIL DEALER - PREMISES,
FOOD SERVICE - PREMISES (SEATING)",Renewal Licensed,POINT (-113.9786509 51.0552627)
14489991,READER'S GARDEN CAFE,311 25 AV SE,MANCHESTER INDUSTRIAL,"ALCOHOL BEVERAGE SALES (RESTAURANT),
FOOD SERVICE - PREMISES (SEATING),
OUTDOOR PATIO",Renewal Licensed,POINT (-114.0557431 51.0301488)
16501793,GRAVITY COFFEE ROASTERS,3911 MANCHESTER RD SE,MANCHESTER INDUSTRIAL,FOOD SERVICE - PREMISES,Renewal Licensed,POINT (-114.059735 51.0189536)
15868995,PHIL & SEBASTIAN COFFEE ROASTERS,546 42 AV SE,MANCHESTER INDUSTRIAL,FOOD SERVICE - PREMISES,Renewal Licensed,POINT (-114.0515175 51.0160645)
16533671,CRICKLE CREEK COFFEE ROASTERS,6550 2 ST SE,MANCHESTER INDUSTRIAL,FOOD SERVICE - PREMISES,Renewal Licensed,POINT (-114.0595191 50.9946144)
16027476,BONO COFFEE,#4 4704 MANHATTAN RD SE,MANCHESTER INDUSTRIAL,"RETAIL DEALER - PREMISES,
FOOD SERVICE - PREMISES",Renewal Licensed,POINT (-114.0498514 51.0115708)
13885363,TIM HORTONS #646,#100 444 58 AV SE,MANCHESTER INDUSTRIAL,"RETAIL DEALER - PREMISES,
FOOD SERVICE - PREMISES (SEATING)",Renewal Licensed,POINT (-114.05478 51.0018618)
14532311,ESPRESSO WORKS,#5 6229 CENTRE ST SW,MANCHESTER INDUSTRIAL,"RETAIL DEALER - PREMISES,
WHOLESALER",Renewal Licensed,POINT (-114.0645127 50.995417)
16686222,CARAVAN CAFE,#7 4412 MANILLA RD SE,MANCHESTER INDUSTRIAL,FOOD SERVICE - PREMISES (SEATING),Licensed,POINT (-114.0521759 51.013979)
16639528,CUP CAFE AND BAKERY (THE),#101 5940 MACLEOD TR SW,MANCHESTER INDUSTRIAL,"RETAIL DEALER - PREMISES,
FOOD SERVICE - PREMISES (SEATING)",Licensed,POINT (-114.0700957 51.0004979)
15553647,LIGHTHOUSE MISSION CAFE,4510 MACLEOD TR SW,MANCHESTER,"CHARITABLE ORGANIZATION,
RETAIL DEALER - PREMISES,
FOOD SERVICE - PREMISES (SEATING)",Renewal Licensed,POINT (-114.0650875 51.0131227)
15920762,BARROW COFFEE ROASTERS,4806 1 ST SW,MANCHESTER,FOOD SERVICE - PREMISES,Renewal Licensed,POINT (-114.0654161 51.009946)
15883556,STARBUCKS COFFEE #53552,5524 MACLEOD TR SW,MANCHESTER,"RETAIL DEALER - PREMISES,
FOOD SERVICE - PREMISES (SEATING),
OUTDOOR PATIO",Renewal Licensed,POINT (-114.069823 51.004973)
14424691,TIM HORTONS,#1510 7 MAHOGANY PZ SE,MAHOGANY,FOOD SERVICE - PREMISES (SEATING),Renewal Licensed,POINT (-113.9420483 50.8982526)
12637716,NHO SAIGON VIETNAMESE CUISINE & COFFEE,1411 17 AV SW,LOWER MOUNT ROYAL,"ALCOHOL BEVERAGE SALES (RESTAURANT),
FOOD SERVICE - PREMISES (SEATING)",Renewal Licensed,POINT (-114.0937838 51.0376913)
16067704,DEVILLE COFFEE,#1 1103 17 AV SW,LOWER MOUNT ROYAL,"RETAIL DEALER - PREMISES,
FOOD SERVICE - PREMISES (SEATING),
OUTDOOR PATIO",Renewal Licensed,POINT (-114.0873825 51.0376836)
15331218,BARROW COFFEE ROASTERS,74 MOUNT ROYAL CI SW,LINCOLN PARK,"RETAIL DEALER - PREMISES,
FOOD SERVICE - PREMISES (SEATING)",Renewal Licensed,POINT (-114.1277288 51.0122584)
12631826,TIM HORTONS,6 RICHARD WY SW,LINCOLN PARK,"RETAIL DEALER - PREMISES,
FOOD SERVICE - PREMISES (SEATING)",Renewal Licensed,POINT (-114.1309434 51.0062364)
16362113,BUMBLE TEA HIVE CAFE,#125 180 LEGACY MAIN ST SE,LEGACY,FOOD SERVICE - PREMISES (SEATING),Renewal Licensed,POINT (-114.0264479 50.8616276)
14932842,TIM HORTONS #8366,#200 1625 210 AV SE,LEGACY,"RETAIL DEALER - PREMISES,
FOOD SERVICE - PREMISES (SEATING)",Renewal Licensed,POINT (-114.0258789 50.8632229)
16011215,STARBUCKS COFFEE #58168,#330 20 LONGVIEW CM SE,LEGACY,"RETAIL DEALER - PREMISES,
FOOD SERVICE - PREMISES (SEATING),
OUTDOOR PATIO",Renewal Licensed,POINT (-114.0278887 50.8648166)
15865207,SIERRA CAFE,#39 6439 CROWCHILD TR SW,LAKEVIEW,"ENTERTAINMENT ESTABLISHMENT,
RETAIL DEALER - PREMISES,
ALCOHOL BEVERAGE SALES (RESTAURANT),
FOOD SERVICE - PREMISES (SEATING),
OUTDOOR PATIO",Renewal Licensed,POINT (-114.1182349 50.996976)
16433070,TIM HORTONS,#400 12100 MACLEOD TR SE,LAKE BONAVISTA,FOOD SERVICE - PREMISES (SEATING),Renewal Licensed,POINT (-114.0696085 50.9442023)
16328585,NUTRIEN CAFE #63015,#1000 13131 LAKE FRASER DR SE,LAKE BONAVISTA,FOOD SERVICE - PREMISES (SEATING),Renewal Licensed,POINT (-114.0672315 50.9347096)
13566450,TIM HORTONS (#1370),13615 BONAVENTURE DR SE,LAKE BONAVISTA,"RETAIL DEALER - PREMISES,
FOOD SERVICE - PREMISES",Renewal Licensed,POINT (-114.0635658 50.9307614)
12371746,TIM HORTONS,6825 MACLEOD TR SW,KINGSLAND,FOOD SERVICE - PREMISES (SEATING),Renewal Licensed,POINT (-114.0733212 50.9925416)
12146346,STARBUCKS COFFEE #4446,7624 ELBOW DR SW,KINGSLAND,"RETAIL DEALER - PREMISES,
FOOD SERVICE - PREMISES (SEATING)",Renewal Licensed,POINT (-114.0825156 50.9854221)
981670,COFFEE CATS CAFE,2765 17 AV SW,KILLARNEY/GLENGARRY,"ENTERTAINMENT ESTABLISHMENT,
ALCOHOL BEVERAGE SALES (RESTAURANT),
FOOD SERVICE - PREMISES (SEATING),
OUTDOOR PATIO",Renewal Licensed,POINT (-114.1264873 51.0374165)
14690804,"FRANCESCO'S FOOD AND COFFEE, CAFFE FRANCESCO",3413 26 AV SW,KILLARNEY/GLENGARRY,"FOOD SERVICE - PREMISES (SEATING),
OUTDOOR PATIO",Renewal Licensed,POINT (-114.1362132 51.0297003)
16659815,SECOND CUP COFFEE CO,#2 2803 17 AV SW,KILLARNEY/GLENGARRY,"FOOD SERVICE - PREMISES (SEATING),
OUTDOOR PATIO",Licensed,POINT (-114.126946 51.0376393)
16548158,MAYFAIR GARDEN CAFE,#105 6707 ELBOW DR SW,KELVIN GROVE,FOOD SERVICE - PREMISES (SEATING),Renewal Licensed,POINT (-114.0841651 50.9934698)
13710181,GOOD HEART CAFE,#100A 1011 GLENMORE TR SW,KELVIN GROVE,FOOD SERVICE - PREMISES (SEATING),Renewal Licensed,POINT (-114.0855533 50.993729)
16544991,BEEBOP CAFE,520 78 AV NW,HUNTINGTON HILLS,FOOD SERVICE - PREMISES (SEATING),Renewal Licensed,POINT (-114.0723655 51.1237344)
12457487,TIM HORTONS,2616 39 AV NE,HORIZON,FOOD SERVICE - PREMISES (SEATING),Renewal Licensed,POINT (-114.0000972 51.0891204)
79731,TIM HORTONS,#500 3508 32 AV NE,HORIZON,"RETAIL DEALER - PREMISES,
FOOD SERVICE - PREMISES (SEATING)",Renewal Licensed,POINT (-113.9838974 51.0820198)
16735730,HAIFA CAFE,#8 2611 37 AV NE,HORIZON,"RETAIL DEALER - PREMISES,
FOOD SERVICE - PREMISES (SEATING)",Licensed,POINT (-114.0001558 51.0862378)
16668790,TIM HORTONS,#6110 64 HOMESTEAD GA NE,HOMESTEAD,"RETAIL DEALER - PREMISES,
FOOD SERVICE - PREMISES (SEATING)",Licensed,POINT (-113.9123556 51.1201557)
16070708,TIM HORTONS,123 DR CARPENTER CI NW,HILLHURST,FOOD SERVICE - PREMISES (SEATING),Renewal Licensed,POINT (-114.0868963 51.0642254)
16070716,TIM HORTONS,514 ROSS RD NW,HILLHURST,FOOD SERVICE - PREMISES (SEATING),Renewal Licensed,POINT (-114.0890205 51.0653161)
15975808,DEVILLE COFFEE,1122 KENSINGTON RD NW,HILLHURST,"RETAIL DEALER - PREMISES,
ALCOHOL BEVERAGE SALES (RESTAURANT),
FOOD SERVICE - PREMISES (SEATING),
OUTDOOR PATIO",Renewal Licensed,POINT (-114.0875547 51.0526447)
14184659,HEXAGON BOARD GAME CAFE (THE),#200 1140 KENSINGTON RD NW,HILLHURST,"RETAIL DEALER - PREMISES,
ALCOHOL BEVERAGE SALES (RESTAURANT),
FOOD SERVICE - PREMISES (SEATING),
OUTDOOR PATIO",Renewal Licensed,POINT (-114.0885675 51.0526908)
132753,FRATELLO COFFEE CO,4021 9 ST SE,HIGHFIELD,FOOD SERVICE - PREMISES,Renewal Licensed,POINT (-114.0413216 51.0189359)
16563728,DOSSIER COFFEE SERVICE,4120 8 ST SE,HIGHFIELD,"RETAIL DEALER - PREMISES,
FOOD SERVICE - PREMISES",Renewal Licensed,POINT (-114.0426573 51.0174511)
16529372,NAMO CAFE BISTRO,#290 9737 MACLEOD TR SW,HAYSBORO,"ALCOHOL BEVERAGE SALES (RESTAURANT),
FOOD SERVICE - PREMISES (SEATING)",Renewal Licensed,POINT (-114.0732734 50.9676679)
16680167,CUDDLE COFFEE AND ICE CREAM,#19 9620 ELBOW DR SW,HAYSBORO,"RETAIL DEALER - PREMISES,
FOOD SERVICE - PREMISES (SEATING)",Licensed,POINT (-114.0839783 50.9689942)
16194086,ANALOG COFFEE,#130 55 GREENBRIAR DR NW,GREENWOOD/GREENBRIAR,FOOD SERVICE - PREMISES (SEATING),Renewal Licensed,POINT (-114.2212299 51.0878873)
16147688,CONGRESS COFFEE,#1A 215 36 AV NE,GREENVIEW INDUSTRIAL PARK,"ENTERTAINMENT ESTABLISHMENT,
FOOD SERVICE - PREMISES (SEATING)",Renewal Licensed,POINT (-114.0584379 51.0847254)
224030,VAN HOUTTE COFFEE SERVICES,#228 7007 54 ST SE,GREAT PLAINS,"RETAIL DEALER - PREMISES,
FOOD SERVICE - PREMISES",Renewal Licensed,POINT (-113.9558053 50.9916607)
13022744,TIM HORTONS,#152 5303 68 AV SE,GREAT PLAINS,"RETAIL DEALER - PREMISES,
FOOD SERVICE - PREMISES (SEATING)",Renewal Licensed,POINT (-113.9575173 50.9936851)
12004305,TIM HORTONS,3955 17 AV SW,GLENDALE,FOOD SERVICE - PREMISES (SEATING),Renewal Licensed,POINT (-114.1439358 51.0373656)
15021751,PRIMAL GROUNDS CAFE,4017 50 ST SW,GLAMORGAN,"FOOD SERVICE - PREMISES (SEATING),
OUTDOOR PATIO",Renewal Licensed,POINT (-114.1606146 51.0170906)
12026522,STARBUCKS COFFEE #4413,3531 GARRISON GA SW,GARRISON WOODS,"RETAIL DEALER - PREMISES,
FOOD SERVICE - PREMISES (SEATING)",Renewal Licensed,POINT (-114.1146428 51.0227503)
16471146,CAFE 100%,#220A 999 36 ST NE,FRANKLIN,"ALCOHOL BEVERAGE SALES (RESTAURANT),
FOOD SERVICE - PREMISES (SEATING)",Renewal Licensed,POINT (-113.9846992 51.0615792)
16106197,BLIZZARD CAFE,#8 401 33 ST NE,FRANKLIN,"ALCOHOL BEVERAGE SALES (RESTAURANT),
FOOD SERVICE - PREMISES (SEATING)",Renewal Licensed,POINT (-113.988008 51.0549183)
241653,COFFEE CONNECTION (THE),#3 401 33 ST NE,FRANKLIN,FOOD SERVICE - PREMISES,Renewal Licensed,POINT (-113.9876968 51.0556386)
16422545,SUMSHAN COFFEE DEVELOPMENT,#9 3200 14 AV NE,FRANKLIN,FOOD SERVICE - PREMISES,Renewal Licensed,POINT (-113.9881369 51.0658257)
12958336,CREPE CAFE (THE),#932 999 36 ST NE,FRANKLIN,FOOD SERVICE - PREMISES (SEATING),Renewal Licensed,POINT (-113.9846992 51.0615792)
16691594,TIM HORTONS,1015 36 ST NE,FRANKLIN,"RETAIL DEALER - PREMISES,
FOOD SERVICE - PREMISES (SEATING)",Licensed,POINT (-113.9823107 51.0619602)
16249518,EIGHTY SIX ROASTING AND COFFEE SUPPLIES,#R 5304 HUBALTA RD SE,FOREST LAWN INDUSTRIAL,FOOD SERVICE - PREMISES,Renewal Licensed,POINT (-113.9565406 51.0356108)
14388318,TIM HORTONS,4750 17 AV SE,FOREST LAWN,"RETAIL DEALER - PREMISES,
FOOD SERVICE - PREMISES (SEATING)",Renewal Licensed,POINT (-113.9670332 51.0381418)
733675,JOFFEE'S COFFEES,7954 51 ST SE,FOOTHILLS,FOOD SERVICE - PREMISES,Renewal Licensed,POINT (-113.9595434 50.9812996)
866681,KIENNA COFFEE,4049 74 AV SE,FOOTHILLS,FOOD SERVICE - PREMISES,Renewal Licensed,POINT (-113.979212 50.9873936)
15854508,CHRONICLE COFFEE ROASTERS,6733 30 ST SE,FOOTHILLS,FOOD SERVICE - PREMISES,Renewal Licensed,POINT (-113.9848602 50.99292)
15885601,TIM HORTONS RESTAURANT 1397,5279 72 AV SE,FOOTHILLS,FOOD SERVICE - PREMISES (SEATING),Renewal Licensed,POINT (-113.9593827 50.9890219)
15931892,DEVIL'S HEAD COFFEE ROASTERS,#5 5700 BARLOW TR SE,FOOTHILLS,"RETAIL DEALER - PREMISES,
FOOD SERVICE - PREMISES",Renewal Licensed,POINT (-113.987349 51.0021818)
12800702,CACTUS CLUB CAFE,7010 MACLEOD TR SE,FAIRVIEW INDUSTRIAL,"ENTERTAINMENT ESTABLISHMENT,
ALCOHOL BEVERAGE SALES (RESTAURANT),
FOOD SERVICE - PREMISES (SEATING),
OUTDOOR PATIO",Renewal Licensed,POINT (-114.0708343 50.9912773)
15329220,CHEESECAKE CAFE (THE),7600 MACLEOD TR SE,FAIRVIEW INDUSTRIAL,"RETAIL DEALER - PREMISES,
ALCOHOL BEVERAGE SALES (RESTAURANT),
FOOD SERVICE - PREMISES (SEATING),
OUTDOOR PATIO",Renewal Licensed,POINT (-114.0698998 50.9857608)
14649396,STARBUCKS COFFEE #50324,7218 MACLEOD TR SE,FAIRVIEW INDUSTRIAL,"RETAIL DEALER - PREMISES,
FOOD SERVICE - PREMISES (SEATING),
OUTDOOR PATIO",Renewal Licensed,POINT (-114.070843 50.9886336)
14814545,FEEL GOOD CAFE,#105 8180 MACLEOD TR SE,FAIRVIEW,FOOD SERVICE - PREMISES (SEATING),Renewal Licensed,POINT (-114.0704234 50.9818455)
13986336,TIM HORTONS - EVERGREEN RESTAURANT #3092,45 EVERRIDGE DR SW,EVERGREEN,FOOD SERVICE - PREMISES (SEATING),Renewal Licensed,POINT (-114.1240729 50.9210388)
12332219,STARBUCKS COFFEE #4537,#310 2250 162 AV SW,EVERGREEN,"RETAIL DEALER - PREMISES,
FOOD SERVICE - PREMISES (SEATING)",Renewal Licensed,POINT (-114.1089742 50.9071876)
13920772,TIM HORTONS #5325,#110 12580 SYMONS VALLEY RD NW,EVANSTON,"RETAIL DEALER - PREMISES,
FOOD SERVICE - PREMISES (SEATING)",Renewal Licensed,POINT (-114.129531 51.1667685)
12642179,STARBUCKS COFFEE # 4864,#103 12294 SYMONS VALLEY RD NW,EVANSTON,"RETAIL DEALER - PREMISES,
FOOD SERVICE - PREMISES (SEATING)",Renewal Licensed,POINT (-114.1272773 51.1634599)
14742001,TIM HORTONS #5285,#2000 2045 SYMONS VALLEY PY NW,EVANSTON,"RETAIL DEALER - PREMISES,
FOOD SERVICE - PREMISES (SEATING),
OUTDOOR PATIO",Renewal Licensed,POINT (-114.1070045 51.1751589)
904169,STARBUCKS COFFEE #4383,#330 5149 COUNTRY HILLS BV NW,EDGEMONT,"RETAIL DEALER - PREMISES,
FOOD SERVICE - PREMISES (SEATING)",Renewal Licensed,POINT (-114.157584 51.1378812)
344754,RIVER CAFE,25 PRINCE'S ISLAND PA SW,EAU CLAIRE,"ALCOHOL BEVERAGE SALES (RESTAURANT),
FOOD SERVICE - PREMISES (SEATING),
OUTDOOR PATIO",Renewal Licensed,POINT (-114.0716322 51.0548597)
14022149,ALFORNO BAKERY & CAFE,222 7 ST SW,EAU CLAIRE,"RETAIL DEALER - PREMISES,
ALCOHOL BEVERAGE SALES (RESTAURANT),
FOOD SERVICE - PREMISES (SEATING),
OUTDOOR PATIO",Renewal Licensed,POINT (-114.0781685 51.0514275)
14932685,GOOD EARTH COFFEE HOUSE CENTENNIAL PLACE,#110 520 3 AV SW,EAU CLAIRE,"RETAIL DEALER - PREMISES,
ALCOHOL BEVERAGE SALES (RESTAURANT),
FOOD SERVICE - PREMISES (SEATING),
OUTDOOR PATIO",Renewal Licensed,POINT (-114.0721274 51.0508666)
14947048,DEVILLE COFFEE,275 2 ST SW,EAU CLAIRE,"RETAIL DEALER - PREMISES,
ALCOHOL BEVERAGE SALES (RESTAURANT),
FOOD SERVICE - PREMISES (SEATING),
OUTDOOR PATIO",Renewal Licensed,POINT (-114.0683503 51.0507357)
16392797,ANALOG COFFEE 400 THIRD,#220 400 3 AV SW,EAU CLAIRE,"RETAIL DEALER - PREMISES,
FOOD SERVICE - PREMISES (SEATING)",Renewal Licensed,POINT (-114.0708072 51.0510212)
13837422,JADE COFFEE ROASTERS,#121 11769 40 ST SE,EAST SHEPARD INDUSTRIAL,FOOD SERVICE - PREMISES,Renewal Licensed,POINT (-113.9777553 50.9453724)
16383093,IDRINKCOFFEE,#115 5250 110 AV SE,EAST SHEPARD INDUSTRIAL,"RETAIL DEALER - PREMISES,
FOOD SERVICE - PREMISES",Renewal Licensed,POINT (-113.9595014 50.9544264)
12493896,STARBUCKS COFFEE #4602,#507 4600 130 AV SE,EAST SHEPARD INDUSTRIAL,"RETAIL DEALER - PREMISES,
FOOD SERVICE - PREMISES (SEATING)",Renewal Licensed,POINT (-113.9704884 50.9324699)
12494068,STARBUCKS COFFEE # 4601,#1300 33 HERITAGE MEADOWS WY SE,EAST FAIRVIEW INDUSTRIAL,"RETAIL DEALER - PREMISES,
FOOD SERVICE - PREMISES (SEATING)",Renewal Licensed,POINT (-114.0412775 50.9835811)
15673288,STARBUCKS COFFEE#52698,#100 8450 BLACKFOOT TR SE,EAST FAIRVIEW INDUSTRIAL,"RETAIL DEALER - PREMISES,
FOOD SERVICE - PREMISES (SEATING),
OUTDOOR PATIO",Renewal Licensed,POINT (-114.0468643 50.9771219)
16291536,RGH - HIGHWOOD CAFE / TIM HORTONS / SUBWAY #63093,7007 14 ST SW,EAGLE RIDGE,FOOD SERVICE - PREMISES,Renewal Licensed,POINT (-114.0976357 50.9901268)
16379844,FRIDAS COFFEE HOME,#110 1110 9 AV SW,DOWNTOWN WEST END,"RETAIL DEALER - PREMISES (MAIL ORDER),
FOOD SERVICE - PREMISES",Renewal Licensed,POINT (-114.0866793 51.0454157)
15855331,LOOPHOLE COFFEE BAR,1040 8 AV SW,DOWNTOWN WEST END,"RETAIL DEALER - PREMISES,
ALCOHOL BEVERAGE SALES (RESTAURANT),
FOOD SERVICE - PREMISES (SEATING),
OUTDOOR PATIO",Renewal Licensed,POINT (-114.0858914 51.0465375)
16632481,ART CAFE,#102 750 11 ST SW,DOWNTOWN WEST END,"ALCOHOL BEVERAGE SALES (RESTAURANT),
FOOD SERVICE - PREMISES (SEATING)",Licensed,POINT (-114.0883855 51.0464761)
16282485,PLATFORM CAFE,407 9 AV SE,DOWNTOWN EAST VILLAGE,"ALCOHOL BEVERAGE SALES (RESTAURANT),
FOOD SERVICE - PREMISES (SEATING)",Renewal Licensed,POINT (-114.0550257 51.0440669)
13958939,PHIL & SEBASTIAN COFFEE ROASTERS,618 CONFLUENCE WY SE,DOWNTOWN EAST VILLAGE,"ALCOHOL BEVERAGE SALES (RESTAURANT),
FOOD SERVICE - PREMISES (SEATING),
OUTDOOR PATIO",Renewal Licensed,POINT (-114.0497585 51.047937)
14628184,TIM HORTONS #7657,775 4 ST SE,DOWNTOWN EAST VILLAGE,"RETAIL DEALER - PREMISES,
FOOD SERVICE - PREMISES (SEATING),
OUTDOOR PATIO",Renewal Licensed,POINT (-114.0534297 51.0455172)
16638397,GOOD EARTH COFFEE HOUSE EAST VILLAGE,#190 615 6 AV SE,DOWNTOWN EAST VILLAGE,"FOOD SERVICE - PREMISES (SEATING),
OUTDOOR PATIO",Licensed,POINT (-114.0504086 51.0464148)
16562787,BONO COFFEE,#B 102 8 AV SW,DOWNTOWN COMMERCIAL CORE,"ALCOHOL BEVERAGE SALES (DRINKING EST/RESTAURANT),
FOOD SERVICE - PREMISES (SEATING),
OUTDOOR PATIO",Renewal Licensed,POINT (-114.0633799 51.0458263)
13821285,CACTUS CLUB CAFE,#178 317 7 AV SW,DOWNTOWN COMMERCIAL CORE,"ENTERTAINMENT ESTABLISHMENT,
ALCOHOL BEVERAGE SALES (RESTAURANT),
FOOD SERVICE - PREMISES (SEATING),
OUTDOOR PATIO",Renewal Licensed,POINT (-114.0687744 51.0464495)
16414518,ANALOG COFFEE,#204 315 8 AV SW,DOWNTOWN COMMERCIAL CORE,FOOD SERVICE - PREMISES (SEATING),Renewal Licensed,POINT (-114.0690566 51.0452367)
16388480,HUMBLE COFFEE CO,#220 635 8 AV SW,DOWNTOWN COMMERCIAL CORE,FOOD SERVICE - PREMISES (SEATING),Renewal Licensed,POINT (-114.0758645 51.0456346)
685321,LUXOR EMPORIUM & CAFE,937 7 AV SW,DOWNTOWN COMMERCIAL CORE,FOOD SERVICE - PREMISES (SEATING),Renewal Licensed,POINT (-114.0830906 51.0467651)
16594947,INFUSION CAFE AND BISTRO,#210 555 4 AV SW,DOWNTOWN COMMERCIAL CORE,FOOD SERVICE - PREMISES (SEATING),Renewal Licensed,POINT (-114.0731846 51.0493881)
12004271,TIM HORTONS,#130 401 9 AV SW,DOWNTOWN COMMERCIAL CORE,FOOD SERVICE - PREMISES (SEATING),Renewal Licensed,POINT (-114.0694113 51.0445545)
16044448,PHIL & SEBASTIAN COFFEE ROASTERS,#255 225 7 AV SW,DOWNTOWN COMMERCIAL CORE,FOOD SERVICE - PREMISES (SEATING),Renewal Licensed,POINT (-114.0674602 51.0461506)
15062151,PHIL & SEBASTIAN COFFEE ROASTERS,#248 414 3 ST SW,DOWNTOWN COMMERCIAL CORE,FOOD SERVICE - PREMISES (SEATING),Renewal Licensed,POINT (-114.0697091 51.0489433)
16419368,GOOD EARTH CAFE,#130 707 7 AV SW,DOWNTOWN COMMERCIAL CORE,"FOOD SERVICE - PREMISES (SEATING),
OUTDOOR PATIO",Renewal Licensed,POINT (-114.0765148 51.0466917)
15869118,SKY CAFE BY DEVILLE,#100 685 CENTRE ST SW,DOWNTOWN COMMERCIAL CORE,"RETAIL DEALER - PREMISES,
ALCOHOL BEVERAGE SALES (RESTAURANT),
FOOD SERVICE - PREMISES (SEATING)",Renewal Licensed,POINT (-114.0633987 51.0467324)
15066160,DEVILLE COFFEE,807 1 ST SW,DOWNTOWN COMMERCIAL CORE,"RETAIL DEALER - PREMISES,
ALCOHOL BEVERAGE SALES (RESTAURANT),
FOOD SERVICE - PREMISES (SEATING)",Renewal Licensed,POINT (-114.0658321 51.0453615)
14534549,DEVILLE COFFEE,#230 333 5 AV SW,DOWNTOWN COMMERCIAL CORE,"RETAIL DEALER - PREMISES,
ALCOHOL BEVERAGE SALES (RESTAURANT),
FOOD SERVICE - PREMISES (SEATING),
OUTDOOR PATIO",Renewal Licensed,POINT (-114.0696244 51.0482841)
13920376,STARBUCKS COFFEE #22865,#230 555 8 AV SW,DOWNTOWN COMMERCIAL CORE,"RETAIL DEALER - PREMISES,
FOOD SERVICE - PREMISES",Renewal Licensed,POINT (-114.0728468 51.0455327)
16229627,CAFE 8,609 8 AV SW,DOWNTOWN COMMERCIAL CORE,"RETAIL DEALER - PREMISES,
FOOD SERVICE - PREMISES (SEATING)",Renewal Licensed,POINT (-114.0745204 51.0457492)
13717053,TIM HORTONS #5029,#170 615 MACLEOD TR SE,DOWNTOWN COMMERCIAL CORE,"RETAIL DEALER - PREMISES,
FOOD SERVICE - PREMISES (SEATING)",Renewal Licensed,POINT (-114.058396 51.0466262)
15018765,GOOD EARTH COFFEEHOUSE CALGARY CITY HALL,#103 800 MACLEOD TR SE,DOWNTOWN COMMERCIAL CORE,"RETAIL DEALER - PREMISES,
FOOD SERVICE - PREMISES (SEATING)",Renewal Licensed,POINT (-114.0569767 51.0450519)
14816458,DEVILLE COFFEE,#112 225 6 AV SW,DOWNTOWN COMMERCIAL CORE,"RETAIL DEALER - PREMISES,
FOOD SERVICE - PREMISES (SEATING)",Renewal Licensed,POINT (-114.0667191 51.0469888)
12009031,STARBUCKS COFFEE #4412,#117 315 8 AV SW,DOWNTOWN COMMERCIAL CORE,"RETAIL DEALER - PREMISES,
FOOD SERVICE - PREMISES (SEATING)",Renewal Licensed,POINT (-114.0691554 51.0454244)
12249843,STARBUCKS COFFEE #4513,#124 317 7 AV SW,DOWNTOWN COMMERCIAL CORE,"RETAIL DEALER - PREMISES,
FOOD SERVICE - PREMISES (SEATING)",Renewal Licensed,POINT (-114.0687733 51.0464509)
15169865,TIM HORTONS,#101 444 5 AV SW,DOWNTOWN COMMERCIAL CORE,"RETAIL DEALER - PREMISES,
FOOD SERVICE - PREMISES (SEATING)",Renewal Licensed,POINT (-114.0711708 51.0488919)
14097331,MONOGRAM COFFEE,#100 420 2 ST SW,DOWNTOWN COMMERCIAL CORE,"RETAIL DEALER - PREMISES,
FOOD SERVICE - PREMISES (SEATING)",Renewal Licensed,POINT (-114.0671044 51.0489548)
12668992,STARBUCKS COFFEE #4935,#271 255 5 AV SW,DOWNTOWN COMMERCIAL CORE,"RETAIL DEALER - PREMISES,
FOOD SERVICE - PREMISES (SEATING),
OUTDOOR PATIO",Renewal Licensed,POINT (-114.0669703 51.0481985)
14269906,MINI STOP SMOKE & COFFEE,700 CENTRE ST SE,DOWNTOWN COMMERCIAL CORE,"TOBACCO RETAILER,
RETAIL DEALER - PREMISES,
FOOD SERVICE - PREMISES,
VAPE RETAILER",Renewal Licensed,POINT (-114.0623587 51.0460031)
16642803,STARBUCKS COFFEE #83227,#250 311 6 AV SW,DOWNTOWN COMMERCIAL CORE,"RETAIL DEALER - PREMISES,
FOOD SERVICE - PREMISES (SEATING)",Licensed,POINT (-114.0684603 51.0473322)
14388300,TIM HORTONS,2705 36 ST SE,DOVER,"RETAIL DEALER - PREMISES,
FOOD SERVICE - PREMISES (SEATING)",Renewal Licensed,POINT (-113.9820919 51.0303223)
15419443,QUARRY PERK CAFE,#110 205 QUARRY PARK BV SE,DOUGLASDALE/GLEN,FOOD SERVICE - PREMISES (SEATING),Renewal Licensed,POINT (-114.0137786 50.9628291)
12853271,STARBUCKS COFFEE #4099,#1300 163 QUARRY PARK BV SE,DOUGLASDALE/GLEN,"RETAIL DEALER - PREMISES,
FOOD SERVICE - PREMISES (SEATING)",Renewal Licensed,POINT (-114.0101965 50.9631176)
16194672,SOBEY'S CAFE,1020 64 AV NE,DEERFOOT BUSINESS CENTRE,"RETAIL DEALER - PREMISES,
FOOD SERVICE - PREMISES (SEATING)",Renewal Licensed,POINT (-114.0399282 51.1116427)
12218442,GOURMET COFFEE PLACE (THE),7674 8 ST NE,DEERFOOT BUSINESS CENTRE,"TOBACCO RETAILER,
FOOD SERVICE - PREMISES (SEATING)",Renewal Licensed,POINT (-114.0426732 51.1199459)
16655250,TIM HORTONS 120025,#100 1133 137 AV SE,DEER RIDGE,FOOD SERVICE - PREMISES (SEATING),Licensed,POINT (-114.0294961 50.9272199)
14718985,SOUGHT AND FOUND COFFEE ROASTERS,916 CENTRE ST NE,CRESCENT HEIGHTS,"FOOD SERVICE - PREMISES (SEATING),
OUTDOOR PATIO",Renewal Licensed,POINT (-114.062207 51.0603489)
13712831,TIM HORTONS,#117 1323 CENTRE ST NW,CRESCENT HEIGHTS,"FOOD SERVICE - PREMISES (SEATING),
OUTDOOR PATIO",Renewal Licensed,POINT (-114.0628102 51.0640247)
16055428,SUCRE PATISSERIE AND CAFE,810 CENTRE ST NE,CRESCENT HEIGHTS,"RETAIL DEALER - PREMISES,
FOOD SERVICE - PREMISES (SEATING)",Renewal Licensed,POINT (-114.0619684 51.0592304)
16686594,CORAL CAFE YYC,201 16 AV NE,CRESCENT HEIGHTS,"FOOD SERVICE - PREMISES (SEATING),
OUTDOOR PATIO",Licensed,POINT (-114.0596942 51.0667354)
16712598,TIM HORTONS,#4060 356 CRANSTON RD SE,CRANSTON,"FOOD SERVICE - PREMISES (SEATING),
OUTDOOR PATIO",Licensed,POINT (-113.9763466 50.8797102)
12332961,STARBUCKS COFFEE # 4543,#605 130 COUNTRY VILLAGE RD NE,COVENTRY HILLS,"RETAIL DEALER - PREMISES,
FOOD SERVICE - PREMISES (SEATING)",Renewal Licensed,POINT (-114.0649212 51.1609725)
16101685,TIM HORTONS,#238 177 COUNTRY HILLS BV NW,COUNTRY HILLS,"RETAIL DEALER - PREMISES,
FOOD SERVICE - PREMISES (SEATING)",Renewal Licensed,POINT (-114.0714551 51.1485087)
16409336,TIM HORTONS,#1340 1155 CORNERSTONE BV NE,CORNERSTONE,"RETAIL DEALER - PREMISES,
FOOD SERVICE - PREMISES (SEATING)",Renewal Licensed,POINT (-113.9386921 51.1552757)
12601209,STARBUCKS COFFEE #4853,#500 15566 MCIVOR BV SE,COPPERFIELD,"FOOD SERVICE - PREMISES (SEATING),
OUTDOOR PATIO",Renewal Licensed,POINT (-113.9502596 50.9133209)
738708,STARBUCKS COFFEE #4272,2223 4 ST SW,CLIFF BUNGALOW,"ENTERTAINMENT ESTABLISHMENT,
RETAIL DEALER - PREMISES,
FOOD SERVICE - PREMISES (SEATING),
OUTDOOR PATIO",Renewal Licensed,POINT (-114.0718319 51.032728)
16111148,JARA CAFE,2005B 4 ST SW,CLIFF BUNGALOW,"FOOD SERVICE - PREMISES (SEATING),
OUTDOOR PATIO",Renewal Licensed,POINT (-114.0718676 51.0348365)
13774013,PHIL & SEBASTIAN COFFEE ROASTERS,#140 2207 4 ST SW,CLIFF BUNGALOW,"RETAIL DEALER - PREMISES,
ALCOHOL BEVERAGE SALES (RESTAURANT),
FOOD SERVICE - PREMISES (SEATING),
OUTDOOR PATIO",Renewal Licensed,POINT (-114.0718118 51.0329729)
16314650,MADRASCAFE,908 CITYSCAPE SQ NE,CITYSCAPE,"ALCOHOL BEVERAGE SALES (RESTAURANT),
FOOD SERVICE - PREMISES (SEATING)",Renewal Licensed,POINT (-113.9675441 51.146159)
16259418,STARBUCKS COFFEE 69265,510 CITYSCAPE SQ NE,CITYSCAPE,"RETAIL DEALER - PREMISES,
FOOD SERVICE - PREMISES (SEATING),
OUTDOOR PATIO",Renewal Licensed,POINT (-113.9684502 51.1468115)
16721979,COFFEE EVO & BAKERY,#3170 40 CHRISTIE PARK VW SW,CHRISTIE PARK,FOOD SERVICE - PREMISES (SEATING),Licensed,POINT (-114.1771488 51.037641)
16503369,CHOICES CAFE AND BISTRO,#103 138 4 AV SE,CHINATOWN,"ALCOHOL BEVERAGE SALES (RESTAURANT),
FOOD SERVICE - PREMISES (SEATING)",Renewal Licensed,POINT (-114.0606922 51.0495595)
16077257,GRAVITY ESPRESSO AND WINE BAR,240 RIVERFRONT AV SW,CHINATOWN,"RETAIL DEALER - PREMISES,
ALCOHOL BEVERAGE SALES (RESTAURANT),
FOOD SERVICE - PREMISES (SEATING)",Renewal Licensed,POINT (-114.0667291 51.0525288)
15968811,TIM HORTONS,#103 10 CHAPARRAL DR SE,CHAPARRAL,"RETAIL DEALER - PREMISES,
FOOD SERVICE - PREMISES (SEATING)",Renewal Licensed,POINT (-114.0264351 50.8860583)
16545121,MADRAS CAFE,#110 115 CARRINGTON PZ NW,CARRINGTON,"ALCOHOL BEVERAGE SALES (DRINKING EST/RESTAURANT),
FOOD SERVICE - PREMISES (SEATING)",Renewal Licensed,POINT (-114.0928333 51.182295)
12550968,COFFEE MACHINE SERVICES,2114 14 ST NW,CAPITOL HILL,DISTRIBUTION MANAGER,Renewal Licensed,POINT (-114.0944881 51.0711481)
12048153,STARBUCKS COFFEE #4423,1120 16 AV NW,CAPITOL HILL,"RETAIL DEALER - PREMISES,
FOOD SERVICE - PREMISES (SEATING)",Renewal Licensed,POINT (-114.0864233 51.0672947)
16564395,LESHINSKY'S BAKERY AND CAFE,#7 11625 ELBOW DR SW,CANYON MEADOWS,FOOD SERVICE - PREMISES (SEATING),Renewal Licensed,POINT (-114.0860227 50.9485916)
16289423,MONOGRAM COFFEE,802 49 AV SW,BRITANNIA,"RETAIL DEALER - PREMISES,
ALCOHOL BEVERAGE SALES (RESTAURANT),
FOOD SERVICE - PREMISES (SEATING)",Renewal Licensed,POINT (-114.081771 51.0097994)
57901,GEORGE BOYACK GIFT SHOP AND CAFE,1203 CENTRE AV NE,BRIDGELAND/RIVERSIDE,"CHARITABLE ORGANIZATION,
RETAIL DEALER - PREMISES,
FOOD SERVICE - PREMISES (SEATING)",Renewal Licensed,POINT (-114.0348077 51.0514381)
15963606,PHIL & SEBASTIAN COFFEE ROASTERS,#120 69 7A ST NE,BRIDGELAND/RIVERSIDE,"RETAIL DEALER - PREMISES,
FOOD SERVICE - PREMISES (SEATING)",Renewal Licensed,POINT (-114.0446591 51.0521626)
12406344,STARBUCKS COFFEE #4567,951 GENERAL AV NE,BRIDGELAND/RIVERSIDE,"RETAIL DEALER - PREMISES,
FOOD SERVICE - PREMISES (SEATING)",Renewal Licensed,POINT (-114.0406128 51.0529496)
16658833,MEN KESH KESH CAFE,204 7A ST NE,BRIDGELAND/RIVERSIDE,"RETAIL DEALER - PREMISES,
ALCOHOL BEVERAGE SALES (RESTAURANT),
FOOD SERVICE - PREMISES (SEATING),
OUTDOOR PATIO",Licensed,POINT (-114.0440248 51.0535605)
16490781,MY PIKNIC SANDWICH & CAFE,255 BRENTWOOD PL NW,BRENTWOOD,FOOD SERVICE - PREMISES (SEATING),Renewal Licensed,POINT (-114.1276829 51.0866728)
16226011,SNOWYVILLAGE CAFE,#101 3604 52 AV NW,BRENTWOOD,FOOD SERVICE - PREMISES (SEATING),Renewal Licensed,POINT (-114.1381642 51.1011876)
16298622,MINUET CAFE,1161C NORTHMOUNT DR NW,BRENTWOOD,FOOD SERVICE - PREMISES (SEATING),Renewal Licensed,POINT (-114.1181893 51.0891857)
889626,STARBUCKS COFFEE #4381,#301 3630 BRENTWOOD RD NW,BRENTWOOD,FOOD SERVICE - PREMISES (SEATING),Renewal Licensed,POINT (-114.1255703 51.0852142)
13985759,TIM HORTONS - BRAESIDE RESTAURANT #3051,11472 BRAESIDE DR SW,BRAESIDE,FOOD SERVICE - PREMISES (SEATING),Renewal Licensed,POINT (-114.1172695 50.9533486)
16269524,BOWNESS ARTS BOARDGAME CAFE,6324 BOWNESS RD NW,BOWNESS,"ENTERTAINMENT ESTABLISHMENT,
ALCOHOL BEVERAGE SALES (RESTAURANT),
FOOD SERVICE - PREMISES (SEATING)",Renewal Licensed,POINT (-114.1790313 51.0855807)
13813134,DELL CAFE,#28 7930 BOWNESS RD NW,BOWNESS,FOOD SERVICE - PREMISES (SEATING),Renewal Licensed,POINT (-114.2007602 51.0895916)
13800891,STARBUCKS COFFEE #20883,83 BOWRIDGE DR NW,BOWNESS,"RETAIL DEALER - PREMISES,
FOOD SERVICE - PREMISES (SEATING)",Renewal Licensed,POINT (-114.2069547 51.0841743)
14541353,TIM HORTONS,6428 BOWNESS RD NW,BOWNESS,"RETAIL DEALER - PREMISES,
FOOD SERVICE - PREMISES (SEATING),
OUTDOOR PATIO",Renewal Licensed,POINT (-114.181066 51.086487)
13815519,TIM HORTONS WAL MART 5035,255 EAST HILLS BV SE,BELVEDERE,"RETAIL DEALER - PREMISES,
FOOD SERVICE - PREMISES (SEATING)",Renewal Licensed,POINT (-113.9109339 51.0385365)
13986153,STARBUCKS COFFEE #26826,#603 409 EAST HILLS BV SE,BELVEDERE,"RETAIL DEALER - PREMISES,
FOOD SERVICE - PREMISES (SEATING)",Renewal Licensed,POINT (-113.9091978 51.0389751)
12868014,REDHEADS BAGEL CAFE,#105 638 11 AV SW,BELTLINE,"ALCOHOL BEVERAGE SALES (RESTAURANT),
FOOD SERVICE - PREMISES (SEATING),
OUTDOOR PATIO",Renewal Licensed,POINT (-114.0759813 51.0429143)
14228159,MIDORI JAPANESE CAFE,1054 17 AV SW,BELTLINE,"ALCOHOL BEVERAGE SALES (RESTAURANT),
FOOD SERVICE - PREMISES (SEATING),
OUTDOOR PATIO",Renewal Licensed,POINT (-114.0863903 51.0380194)
16499238,SEMANTICS CAFE,1010 1 ST SE,BELTLINE,"ENTERTAINMENT ESTABLISHMENT,
RETAIL DEALER - PREMISES,
ALCOHOL BEVERAGE SALES (RESTAURANT),
FOOD SERVICE - PREMISES (SEATING)",Renewal Licensed,POINT (-114.0604691 51.0429623)
15786809,GRAVITY ESPRESSO AND WINE BAR,908 13 AV SW,BELTLINE,"ENTERTAINMENT ESTABLISHMENT,
RETAIL DEALER - PREMISES,
ALCOHOL BEVERAGE SALES (RESTAURANT),
FOOD SERVICE - PREMISES (SEATING),
OUTDOOR PATIO",Renewal Licensed,POINT (-114.0820799 51.0415967)
16508350,CHRONICLE COFFEE ROASTERS,926 16 AV SW,BELTLINE,FOOD SERVICE - PREMISES (SEATING),Renewal Licensed,POINT (-114.083427 51.0383841)
14709984,BEN'S CAFE,#105 919 11 AV SW,BELTLINE,FOOD SERVICE - PREMISES (SEATING),Renewal Licensed,POINT (-114.0827792 51.0426633)
16565871,CAFE 18G,216 14 AV SE,BELTLINE,FOOD SERVICE - PREMISES (SEATING),Renewal Licensed,POINT (-114.0604399 51.0395907)
14231104,DAUCK SA RANG & CAFE,#38 1324 10 AV SW,BELTLINE,FOOD SERVICE - PREMISES (SEATING),Renewal Licensed,POINT (-114.0925259 51.0446362)
16161960,LAYALI CAFE,#101 617 11 AV SW,BELTLINE,"FOOD SERVICE - PREMISES (SEATING),
OUTDOOR PATIO",Renewal Licensed,POINT (-114.0751323 51.0425381)
16119299,I LOVE YOU COFFEE SHOP JR,520 12 AV SW,BELTLINE,"RETAIL DEALER - PREMISES,
ALCOHOL BEVERAGE SALES (RESTAURANT),
FOOD SERVICE - PREMISES (SEATING)",Renewal Licensed,POINT (-114.072519 51.0418407)
13985908,GOOD EARTH COFFEEHOUSE,1502 11 ST SW,BELTLINE,"RETAIL DEALER - PREMISES,
ALCOHOL BEVERAGE SALES (RESTAURANT),
FOOD SERVICE - PREMISES (SEATING),
OUTDOOR PATIO",Renewal Licensed,POINT (-114.0888715 51.0391041)
14767909,TIM HORTONS,#110 880 16 AV SW,BELTLINE,"RETAIL DEALER - PREMISES,
FOOD SERVICE - PREMISES (SEATING)",Renewal Licensed,POINT (-114.0814866 51.0385424)
16523672,VELET BIKE SKI CAFE,#105 206 11 AV SE,BELTLINE,"RETAIL DEALER - PREMISES,
FOOD SERVICE - PREMISES (SEATING)",Renewal Licensed,POINT (-114.0603581 51.0427028)
15191133,SECOND CUP COFFEE,500 17 AV SW,BELTLINE,"RETAIL DEALER - PREMISES,
FOOD SERVICE - PREMISES (SEATING)",Renewal Licensed,POINT (-114.0717462 51.0380631)
12727764,STARBUCKS #4819,156 13 AV SW,BELTLINE,"RETAIL DEALER - PREMISES,
FOOD SERVICE - PREMISES (SEATING)",Renewal Licensed,POINT (-114.0655606 51.0406914)
16121097,DEVILLE COFFEE,#140 227 11 AV SW,BELTLINE,"RETAIL DEALER - PREMISES,
FOOD SERVICE - PREMISES (SEATING),
OUTDOOR PATIO",Renewal Licensed,POINT (-114.0676425 51.0418499)
16560401,SOUGHT AND FOUND COFFEE BELTLINE,1107 4 ST SW,BELTLINE,"RETAIL DEALER - PREMISES,
FOOD SERVICE - PREMISES (SEATING)",Licensed,POINT (-114.0717863 51.0423331)
16718728,TIM HORTONS #121186,#205 40 BELMONT DR SW,BELMONT,FOOD SERVICE - PREMISES (SEATING),Licensed,POINT (-114.0625703 50.8738653)
13992847,DONAIRS CHOICES CAFE,#307 8120 BEDDINGTON BV NW,BEDDINGTON HEIGHTS,FOOD SERVICE - PREMISES (SEATING),Renewal Licensed,POINT (-114.0733152 51.1272625)
13747068,STARBUCKS COFFEE #17310,2513 14 ST SW,BANKVIEW,"RETAIL DEALER - PREMISES,
FOOD SERVICE - PREMISES (SEATING)",Renewal Licensed,POINT (-114.0952075 51.0316973)
267476,WEEDS CAFE,1903 20 AV NW,BANFF TRAIL,"ALCOHOL BEVERAGE SALES (RESTAURANT),
FOOD SERVICE - PREMISES (SEATING),
OUTDOOR PATIO",Renewal Licensed,POINT (-114.1048526 51.0703156)
12580403,KWANZAA COFFEE HOUSE,#102 1824 CROWCHILD TR NW,BANFF TRAIL,FOOD SERVICE - PREMISES (SEATING),Renewal Licensed,POINT (-114.1171242 51.0690274)
15941677,FAMOUS NOODLES & BBQ CAFE,#7110 333 96 AV NE,AURORA BUSINESS PARK,"ALCOHOL BEVERAGE SALES (RESTAURANT),
FOOD SERVICE - PREMISES (SEATING)",Renewal Licensed,POINT (-114.0645876 51.1413353)
16364218,VYTHI BAGUETTE AND BUBBLE CAFE,#7140 333 96 AV NE,AURORA BUSINESS PARK,FOOD SERVICE - PREMISES (SEATING),Renewal Licensed,POINT (-114.0643579 51.1413373)
14389787,TIM HORTONS,#816 100 AUBURN MEADOWS DR SE,AUBURN BAY,"RETAIL DEALER - PREMISES,
FOOD SERVICE - PREMISES (SEATING)",Renewal Licensed,POINT (-113.9437554 50.894729)
14390538,A LADYBUG BAKERY & CAFE,#2132 10 ASPEN STONE BV SW,ASPEN WOODS,"ALCOHOL BEVERAGE SALES (DRINKING EST/RESTAURANT),
FOOD SERVICE - PREMISES (SEATING),
OUTDOOR PATIO",Renewal Licensed,POINT (-114.2125304 51.0414523)
12829982,STARBUCKS COFFEE # 4917,#105 391 ASPEN GLEN LD SW,ASPEN WOODS,"RETAIL DEALER - PREMISES,
FOOD SERVICE - PREMISES (SEATING),
OUTDOOR PATIO",Renewal Licensed,POINT (-114.2103672 51.0413552)
16357204,CACTUS CLUB CAFE,112 CROWFOOT TC NW,ARBOUR LAKE,"ALCOHOL BEVERAGE SALES (RESTAURANT),
FOOD SERVICE - PREMISES (SEATING),
OUTDOOR PATIO",Renewal Licensed,POINT (-114.2030365 51.1285637)
15981871,TIM HORTONS,79 CROWFOOT WY NW,ARBOUR LAKE,FOOD SERVICE - PREMISES (SEATING),Renewal Licensed,POINT (-114.2045398 51.1240388)
769604,STARBUCKS COFFEE #4325,66 CROWFOOT TC NW,ARBOUR LAKE,"RETAIL DEALER - PREMISES,
FOOD SERVICE - PREMISES (SEATING)",Renewal Licensed,POINT (-114.2006461 51.1283654)
12557880,STARBUCKS COFFEE #4769,#900 20 CROWFOOT CR NW,ARBOUR LAKE,"RETAIL DEALER - PREMISES,
FOOD SERVICE - PREMISES (SEATING),
OUTDOOR PATIO",Licensed,POINT (-114.1995247 51.1252978)
13815493,TIM HORTONS APPLEWOOD,1715 70 ST SE,APPLEWOOD PARK,"RETAIL DEALER - PREMISES,
FOOD SERVICE - PREMISES (SEATING)",Renewal Licensed,POINT (-113.9310957 51.0384556)
13331400,8-OZ COFFEE,#2030 2600 PORTLAND ST SE,ALYTH/BONNYBROOK,"RETAIL DEALER - PREMISES,
WHOLESALER,
FOOD SERVICE - PREMISES",Renewal Licensed,POINT (-114.031577 51.0313835)
13929476,MONOGRAM COFFEE,4814 16 ST SW,ALTADORE,"RETAIL DEALER - PREMISES,
FOOD SERVICE - PREMISES (SEATING)",Renewal Licensed,POINT (-114.0998816 51.0109169)
16659013,BELLS CAFE,1515A 34 AV SW,ALTADORE,"RETAIL DEALER - PREMISES,
FOOD SERVICE - PREMISES (SEATING),
OUTDOOR PATIO",Licensed,POINT (-114.095581 51.0230369)
16557233,TIM HORTONS,#130 8810 MACLEOD TR SE,ACADIA,FOOD SERVICE - PREMISES (SEATING),Renewal Licensed,POINT (-114.0708593 50.9745475)
15783467,TIM HORTONS #2388,#1 5 HERITAGE GA SE,,"RETAIL DEALER - PREMISES,
FOOD SERVICE - PREMISES (SEATING)",Renewal Licensed,POINT (-114.0445452 50.9877016)
